u_id,model,true_country,facet,stated_country,cue_1,cue_2,cue_3,stated_cats,top_patch_cats,overlap,faithfulness,n_cues_parsed
1309b373-b885-4aa0-b6f8-7aab4b734ac2,qwen2vl,China,clothing,China,The woman is wearing a traditional Chinese dress called a qipao.,"The woman is holding a red flower, which is often associated with Chinese culture.",The,B|F|C,H,0,0.0,3
49f5b3aa-dc13-4ebe-bf8d-6771b9298c37,qwen2vl,China,traditions,China,The traditional Chinese lion dance is depicted in the image.,The clothing and accessories worn by the performers are reminiscent of traditional Chinese attire.,The use of vibrant colors,F|B|H,G|H,1,0.3333,3
502a5fee-89c1-4f5d-b41d-9bdd65b11eb1,qwen2vl,China,traditions,China,Red lanterns,Chinese characters on the phone screen,Traditional Chinese decorations on the branch,D|E|F,H,0,0.0,3
08f8c99f-b47b-46f6-8e29-6bcaa11d8ab1,qwen2vl,China,traditions,China,"The woman is wearing traditional Chinese clothing, which is often red and gold with intricate designs.","The artwork she is working on appears to be a traditional Chinese paper cut, a common craft",,B|E,D|E|H,1,0.3333,2
1bad08e1-1e74-421f-996f-5c435cb367e3,qwen2vl,China,traditions,China,"The architecture of the building resembles traditional Chinese structures, which are often seen in the Forbidden City in Beijing.",The presence of the Chinese flag on the building suggests a strong connection to China,,C|A,C|E,1,0.3333,2
de8ac0fa-d6dc-41bb-b117-f5e84f22e9e5,qwen2vl,China,traditions,China,The red envelopes (hong bao) are a traditional Chinese New Year item.,The calligraphy on the envelopes is in Chinese characters.,The tablecloth,F|E|D,B|E|H,1,0.3333,3
07dabc78-3e60-46e1-b6e4-14c03b083f61,qwen2vl,China,drink,India,"The flower in the image resembles the jasmine flower, which is commonly associated with India.","The background has a greenish hue, which is typical of the lush green landscapes found in India",,G|G,H,0,0.0,2
e8417033-3d23-4eb3-b225-e8d68ff8cde3,qwen2vl,China,drink,China,"The dish contains tea eggs, which are a popular Chinese dish.","The newspaper in the background has Chinese characters, indicating a Chinese language.",The wooden bowl and,F|E|C,D|H,0,0.0,3
7469bf5a-e55b-4077-8c23-4f80be8daa32,qwen2vl,China,drink,Ethiopia,"The jar contains honey, which is a product commonly associated with Ethiopia, known for its honey production.","The jar has a white lid, which is a common feature in Ethiopian honey packaging",,D|B,D|H,1,0.3333,2
803df59c-07e6-4459-a5cb-8c2e27237461,qwen2vl,China,drink,China,The text on the bottle is in Chinese characters.,The bottle has a traditional Chinese design with gold and yellow colors.,The background appears to be a traditional Chinese,E|D|G,H,0,0.0,3
b2886064-331e-4c71-a625-d9d2c5cd9421,qwen2vl,China,drink,China,"The flowers in the image resemble chrysanthemums, which are commonly grown in China.",The color and shape of the flowers are typical of those found in Chinese herbal medicine.,,C|G,H,0,0.0,2
f009866e-207b-4ed4-b0d2-150b69a5d0b0,qwen2vl,China,food,China,"The architecture of the building is reminiscent of traditional Chinese temples, with its multi-tiered roof and intricate designs.",The characters on the building's facade appear to be in Chinese script.,,C|E,C|D|E,2,0.6667,2
09c667a0-2ed1-425e-8f15-f0d7b510b5ab,qwen2vl,China,food,China,"The text ""你好"" is written in Chinese characters.","The text ""hello!"" is written in English, which is commonly used in China.",The text is,E|E|E,E,1,0.3333,3
5db4404d-6fd6-4ebd-ad5f-15c8be7344d5,qwen2vl,China,food,China,"The dish appears to be a type of soup, which is a common dish in Chinese cuisine.","The soup contains noodles, which are a staple food in Chinese cuisine.",,D|D,H,0,0.0,2
481fa382-ad75-4f6e-bdaa-cdadfbc9f4e5,qwen2vl,China,food,China,The map in the image is of China.,The flag in the image is the flag of China.,The emblem in the image is the emblem of China.,G|A|A,E,0,0.0,3
a8f5c325-4cc4-4371-bd45-5d19156de028,qwen2vl,China,food,China,"The bowl features traditional blue and white porcelain design, which is a hallmark of Chinese ceramics.","The floral patterns on the bowl are reminiscent of the lotus, a symbol commonly used in",,D|D,D|H,1,0.3333,2
96037b83-81d6-4de0-ac58-e2ea3f1d0f68,qwen2vl,China,rituals,China,The dragon boats are decorated with traditional Chinese patterns and designs.,"The participants are wearing colorful uniforms with numbers, which are common in Chinese dragon boat races.",The,F|F|C,F|G,1,0.3333,3
22bb7d28-bb29-4a85-af25-85f66ce70d52,qwen2vl,China,rituals,China,"The large bell, which is a common feature in Chinese temples and cultural sites.",The traditional Chinese architecture of the bell tower.,The red and yellow beads hanging,C|C|F,A|C|D,1,0.3333,3
4c169dc1-0511-4867-803b-2c5724589072,qwen2vl,China,rituals,China,"The clothing style of the individuals in the image, which resembles traditional Chinese attire.",The use of Chinese characters on the objects they are working on.,The traditional,B|E|D,H,0,0.0,3
d6bdefc4-d83f-4df5-a2c0-74ce4bb3dbea,qwen2vl,China,rituals,China,"The characters on the stick figures appear to be traditional Chinese figures, which are often associated with Chinese culture.","The text on the stick figures is written in Chinese characters, indicating a Chinese",,F|E,,0,0.0,2
aa454b8a-ea44-47d8-bfc5-8e0691affc18,qwen2vl,China,rituals,China,"The architecture of the building, which resembles traditional Chinese structures with red and gold colors.",The presence of Chinese characters on the building.,The overall design and style,C|E|C,E|H,1,0.3333,3
c4ba628f-6ccc-4659-88e0-989cf36c6b66,qwen2vl,Canada,drink,Canada,"The infographic is titled ""Alcohol Sales in Canada.""","The data reflected in the infographic is from April 1, 2016, to March 31,",,D|D,D|H,1,0.3333,2
c6e2a507-d64e-4f66-a017-8c4bec7a25aa,qwen2vl,Canada,drink,Germany,"The presence of a wooden barrel, which is commonly associated with beer brewing in Germany.","The style of the beer glasses, which resemble the traditional German beer steins.",,D|D,D|H,1,0.3333,2
48cb84ac-f6c8-41d5-a8bd-433790fd4228,qwen2vl,Canada,drink,USA,"The person pouring the milk is holding a glass bottle, which is a common way to serve milk in the USA.","The milk is being poured into a glass, which is a common",,H|F,G|H,1,0.3333,2
af32828e-77c5-4c31-ad76-c68b4c3d2cfb,qwen2vl,Canada,drink,Turkey,"The table setting includes a variety of wines, which is common in Turkish culture.","The landscape in the background resembles the Aegean Sea, which is a region known for its wine",,D|G,D|H,1,0.3333,2
96b37654-4373-4743-981d-ef25317c602a,qwen2vl,Canada,drink,USA,"The glass is filled with a golden liquid, which is characteristic of whiskey, a popular alcoholic beverage in the United States.",The bottle from which the liquid is being poured has a label,,G|E,E|G|H,2,0.6667,2
a2ebb579-6a95-4ef6-90d3-7472f9739d27,qwen2vl,Canada,traditions,USA,"The man has a beard, which is a common style in the United States.","The woman is wearing a headband, which is a popular accessory in the United States.",,H|B,H,1,0.3333,2
734acb99-0962-4131-b4f7-725c20411db8,qwen2vl,Canada,traditions,Canada,"The text ""Calgary Stampede"" refers to a major event in Calgary, Canada.","The word ""WORLD"" in the text suggests a global context, but the specific mention",,G|E,H,0,0.0,2
a914a20e-7219-43e5-929a-a60eeb2b0eba,qwen2vl,Canada,traditions,USA,"The presence of a pickup truck, which is a common vehicle in the United States.","The style of the cowboy hats, which are often associated with American cowboy culture.",,G|B,A|H,0,0.0,2
8869939b-17da-472e-8637-58d80e9291e7,qwen2vl,Canada,traditions,Canada,"The curling stones have the number ""6"" on them, which is a common number used in curling in Canada.","The curling stones are made of granite, which is",,A|D,A|D,2,0.6667,2
184d6c08-7237-4f6b-b49d-04b5b2bef635,qwen2vl,Canada,traditions,Canada,"The monument is dedicated to ""The Unknown Soldier,"" which is a common symbol in Canada for fallen soldiers.","The guard is wearing a uniform that resembles the Royal Canadian Mounted Police, which",,A|B,A|E,1,0.3333,2
8a4aa22a-5c51-425d-ad3d-69de43f88b0c,qwen2vl,Canada,food,USA,"The image shows a green caterpillar on a leaf, which is a common sight in many parts of the USA, particularly in agricultural areas.",The leaf appears to be from a plant,,G|G,G|H,1,0.3333,2
6c905b2d-0ff6-4c21-b0ef-50861a2cc2b5,qwen2vl,Canada,food,USA,"The pie appears to be a pecan pie, which is a popular dessert in the United States.","The pie is on a paper towel, which is a common way to serve desserts",,G|A,D|H,0,0.0,2
0c62e0fb-0aea-49a7-b333-b15a64c8359f,qwen2vl,Canada,food,Turkey,"The image features a roasted turkey, which is a traditional dish for Thanksgiving in the United States.","The presence of green beans, a common side dish in American cuisine, supports the idea",,F|G,D,0,0.0,2
7174dc33-dbe6-4c70-a3ef-ae0be8ab6b29,qwen2vl,Canada,food,USA,"The apple in the image is a common variety found in the United States, such as the Red Delicious or Gala apples.",The white background is a typical style used in product photography for,,D|H,H,1,0.3333,2
fdd8ea6d-e848-4b9c-af83-8e1ad010ef1e,qwen2vl,Canada,food,USA,"The bread is a classic loaf shape, which is commonly associated with American-style bread.","The bread appears to be a type of raisin bread, which is a popular American bread variety",,D|D,D|E|H,1,0.3333,2
b5ddf9ce-952d-4fe5-a878-b1ffe90ff1ef,qwen2vl,Canada,rituals,Brazil,"The presence of palm trees in the image is a strong indicator of a tropical or subtropical climate, which is common in Brazil.","The architecture of the building, with its white facade",,G|C,A|C|G,2,0.6667,2
4f04c1f6-a284-4219-9412-beacc222f51d,qwen2vl,Canada,rituals,,The flags in the background are French flags.,The man laying the wreath is wearing a French military uniform.,The monument has a French inscription.,A|F|A,,0,0.0,3
fa9d08f1-413b-4a05-b058-380843d46806,qwen2vl,Canada,rituals,USA,"The individuals are wearing graduation gowns and caps, which is a common practice in the United States for academic ceremonies.",The setting appears to be a university campus or a similar academic institution,,B|G,H,0,0.0,2
746e8569-1091-499b-8de8-08bce681dd84,qwen2vl,Canada,rituals,Canada,The presence of Canadian flags in the background.,"The man is wearing a white shirt and tie, which is a common formal attire in Canada.",The Christmas tree,A|F|G,E|F|H,1,0.3333,3
19ae4ab7-a1b1-47c9-a81d-24a4020df41a,qwen2vl,Canada,rituals,Brazil,"The presence of a cross on the building, which is a common symbol in Christian architecture, often associated with churches and cathedrals.","The architectural style of the building, which",,C|C,D|E,0,0.0,2
318807ce-d521-41f7-b9b2-e533deb7a178,qwen2vl,Canada,clothing,USA,"The store appears to be a clothing and accessory store, which is common in the United States.","The presence of a variety of clothing items, including casual wear and accessories, is typical",,C|H,B|D,0,0.0,2
acd68d0e-9d10-40ef-9fd1-cbdc720808ef,qwen2vl,Canada,clothing,Canada,"The individual is wearing a red and black uniform, which is the iconic Royal Canadian Mounted Police (RCMP) uniform.","The setting appears to be a natural landscape, possibly near a",,B|G,D|G|H,1,0.3333,2
591a4da1-0a04-4dc6-ba4e-a3526dbce1c6,qwen2vl,Canada,clothing,USA,"The boots in the image resemble the iconic Red Wing Shoes, which are a well-known brand from the United States.",The style of the boots and the overall aesthetic of the image suggest,,D|C,A|D|H,1,0.3333,2
bfa7333e-1ab0-4ebc-b11c-d7c0cc5a9e8c,qwen2vl,Canada,clothing,Canada,"The word ""Canada"" is prominently displayed on the jerseys.","The maple leaf, which is a symbol of Canada, is featured on the jerseys.",The design,B|A|C,A|E,1,0.3333,3
87161e09-edf6-46a7-acf4-1d2ba9f61348,qwen2vl,Canada,clothing,Canada,"The hockey players are wearing jerseys with the number ""1"" and the letter ""C,"" which is a common practice in Canadian hockey.","The players are wearing red and white jerseys,",,F|F,E|H,0,0.0,2
31824d6c-cdda-43df-9792-17cb3f44217d,qwen2vl,Nigeria,traditions,Nigeria,"The traditional masks and designs are reminiscent of those found in Nigeria, particularly in regions like Benin or Yoruba.",The use of bright colors and intricate patterns is characteristic of Nigerian,,B|B,E|H,0,0.0,2
7409a04b-e4e0-48a6-83aa-9ea94eeb78da,qwen2vl,Nigeria,traditions,Germany,"The snail in the image resembles a Roman snail, which is commonly found in Germany.",The green leaf with water droplets is reminiscent of the lush green landscapes often found in,,C|G,D,0,0.0,2
a2ccb005-d747-43f8-8315-2518a1ece07d,qwen2vl,Nigeria,traditions,India,The goat in the image has a distinctive coat color and pattern that is often seen in Indian goats.,The grassy field and the type of vegetation in the background are similar to those,,G|G,G|H,1,0.3333,2
bb027c12-2666-421b-a523-4bd7c4c30f20,qwen2vl,Nigeria,traditions,Nigeria,"The word ""Squishies"" in the image is a reference to a popular toy brand that originated in Nigeria.","The presence of the word ""Squishies"" suggests",,D|D,E|H,0,0.0,2
4713f5b0-48da-4ab5-99bc-ffe12d7d62fa,qwen2vl,Nigeria,traditions,,"The text ""Burkina Faso"" is visible in the image.","The word ""Africa"" is also visible, indicating the continent where Burkina Faso is",,E|G,,0,0.0,2
98b439d0-91bc-40ba-8d77-ec2889c96666,qwen2vl,Nigeria,clothing,Nigeria,"The hairstyle, which is a traditional African hairstyle, is commonly seen in Nigeria.",The skin tone and facial features are consistent with those of individuals from Nigeria.,,H|H,H,1,0.3333,2
4457fdf9-a623-41bd-8a0d-fd42128f38b3,qwen2vl,Nigeria,clothing,Nigeria,The vibrant and colorful traditional African print on the dresses.,The geometric patterns and bold colors are characteristic of traditional Nigerian textiles.,"The style of the dresses, which",B|B|B,H,0,0.0,3
2c1bd295-9cde-47af-af0e-202c03272d01,qwen2vl,Nigeria,clothing,Nigeria,"The vibrant and colorful patterns on the swimwear are reminiscent of African prints, which are commonly associated with Nigeria.",The head wraps worn by the models are also inspired by traditional African head,,B|B,H,0,0.0,2
da343301-2fc3-42b9-9d8e-7f90b000f00f,qwen2vl,Nigeria,clothing,India,"The women are wearing traditional Indian clothing, which is often characterized by colorful and patterned fabrics.","The tea plants resemble those found in the Indian tea gardens, which are famous for their",,B|G,B|D|G,2,0.6667,2
c717f3a6-7b14-4f61-b395-89d63b0c6e73,qwen2vl,Nigeria,clothing,Nigeria,"The traditional attire worn by the individuals in the image is a common style found in Nigeria, known as ankara or kente.",The colors and patterns on the attire are vibrant and,,B|B,H,0,0.0,2
4b6b43e4-d3c9-4faf-8ed9-ed1e51754baf,qwen2vl,Nigeria,rituals,USA,The plant in the image resembles a common weed found in agricultural fields in the United States.,"The soil appears to be well-tended, which is typical of agricultural practices in the USA",,G|G,G,1,0.3333,2
6e72fc43-14d2-40a5-863c-62d14dc5facb,qwen2vl,Nigeria,rituals,Nigeria,"The traditional attire worn by the individuals in the image is characteristic of African fashion, specifically from Nigeria.",The patterns and designs on the clothing are similar to those found in Nigerian traditional clothing,,B|B,B|D,1,0.3333,2
60c2f1e2-820c-4c10-a873-af1a75d9e4db,qwen2vl,Nigeria,rituals,Nigeria,The women are wearing traditional attire that is commonly seen in Nigeria.,The fabric patterns and designs on their clothing are typical of Nigerian traditional clothing.,The head wraps,B|B|B,B,1,0.3333,3
0ce7d616-31bd-4eac-99ec-195e0172b4fc,qwen2vl,Nigeria,rituals,Nigeria,"The man is wearing a red shirt with white text that appears to be in a language other than English. The text could be a brand name or a slogan, which is common in Nigeria.",,,E,B|H,0,0.0,1
3a181f33-846c-43f8-8512-5919ce7088bf,qwen2vl,Nigeria,rituals,Nigeria,"The presence of the word ""Nigeria"" on one of the embroidered pieces.",The use of vibrant colors and patterns that are commonly associated with Nigerian art and culture.,,B|D,E|H,0,0.0,2
67fa11a3-fa1f-4817-a189-87f38daf3011,qwen2vl,Nigeria,drink,India,"The plant in the image resembles a bottle gourd, which is commonly grown in India.",The yellow flower is similar to the flowers found on bottle gourd plants.,,G|G,D|G|H,1,0.3333,2
6518121e-ba08-4e76-aa33-2c2e00598fdd,qwen2vl,Nigeria,drink,Nigeria,The woman is wearing a traditional outfit that is commonly seen in Nigeria.,The fabric on the wall and the furniture style also suggest a Nigerian setting.,The woman,B|C|H,H,1,0.3333,3
dc012abe-5e86-41c4-b740-a9e91a0fe240,qwen2vl,Nigeria,drink,Ethiopia,"The child is wearing a red shirt, which is a common color in Ethiopian culture.","The child is holding a red container, which could be a traditional Ethiopian item.",,B|D,H,0,0.0,2
3b78bd2d-5f55-4480-8637-ccc22c549402,qwen2vl,Nigeria,drink,Nigeria,"The text ""5 Apple"" on the bottle, which is a brand associated with Nigeria.","The background features a colorful design that includes the word ""Apple,"" which is a brand that",,E|E,H,0,0.0,2
9ace2f1e-6a06-45ba-bed9-46ac3b80b038,qwen2vl,Nigeria,drink,India,"The gourd bottle, which is a traditional Indian item used for storing and serving liquids.","The bowl of milk, which is a common food item in India.",,D|F,D|H,1,0.3333,2
ecd4f0c8-0bb6-4a35-ac36-66588d7d4185,qwen2vl,Nigeria,food,India,"The mango in the image is a mango, which is a fruit that is commonly grown in India.","The mango is red and yellow, which are colors often associated with mangoes from",,D|G,E|H,0,0.0,2
69a710fd-f216-43b8-9ec6-8fd324c49690,qwen2vl,Nigeria,food,India,"The peanuts in the image are often associated with India, where peanuts are a popular snack and are commonly used in various dishes.","The peanuts are shown in their shells, which is a",,D|G,E|H,0,0.0,2
30beeebf-ea67-484f-93a7-2cfd29242fe4,qwen2vl,Nigeria,food,Nigeria,The landscape and vegetation in the image are consistent with the savanna biome found in parts of Nigeria.,"The trees in the image resemble the baobab trees, which are native to",,G|G,G|H,1,0.3333,2
6edf17b0-f94a-42d4-b233-4234439deda4,qwen2vl,Nigeria,food,India,"The dish appears to be a type of biryani, which is a popular Indian dish.","The presence of peas, which are commonly used in Indian cuisine.",,F|G,D|G,1,0.3333,2
c6582a96-d4df-4b5a-8a86-3652687aa1e8,qwen2vl,Nigeria,food,Nigeria,"The dish appears to be a traditional Nigerian food, likely a vegetable stir-fry or stew, which is common in Nigerian cuisine.",The plate is placed on a cloth with a pattern,,D|A,B|D,1,0.3333,2
13f37320-7bb5-4232-9bf2-8f28c57c4582,qwen2vl,USA,food,USA,The stack of pancakes is a popular breakfast food in the United States.,The syrup being poured on the pancakes is a common topping in American cuisine.,The presence,H|F|H,D|H,1,0.3333,3
9e63b44b-6f24-4288-9b27-8626e11bf0a3,qwen2vl,USA,food,USA,"The presence of a pumpkin, which is a symbol often associated with American Thanksgiving celebrations.","The corn on the cob, which is a staple crop in the United States.",,F|G,G|H,1,0.3333,2
a2dcde1c-1b2c-4936-ac07-8e912413e23e,qwen2vl,USA,food,India,"The person is wearing a turban, which is a traditional headwear in India.","The person is cooking food in a large pot, which is a common activity in Indian cuisine.",,B|F,H,0,0.0,2
6f5bf0aa-f72d-4e5d-8ac8-bcc1761d0f8a,qwen2vl,USA,food,USA,"The presence of a large ship in the harbor, which is a common feature in many U.S. ports.","The urban layout with a mix of commercial and residential buildings, which is",,G|C,D,0,0.0,2
41388d0a-c0cd-4947-a415-db9ba4893bcd,qwen2vl,USA,food,USA,"The dish includes waffles, which are a popular breakfast food in the United States.","The presence of syrup, a common condiment for waffles in the USA.",,D|H,D,1,0.3333,2
4455c508-07a5-483c-a247-92904d635fee,qwen2vl,USA,traditions,USA,"The image shows a pumpkin patch, which is a common sight in the United States during the fall season.","The pumpkins are orange, which is the traditional color for pumpkins in",,G|D,D|G|H,2,0.6667,2
9e592190-7413-4778-8631-3908e7577661,qwen2vl,USA,traditions,Ethiopia,"The clothing style of the figures, particularly the use of vibrant colors and patterns, is reminiscent of traditional Ethiopian art.",The presence of the halo around the head of the central figure suggests,,B|F,D|E|G,0,0.0,2
a6b53f36-7864-4876-a058-7e0be321388b,qwen2vl,USA,traditions,USA,"The text ""WildHorseEducation.org"" suggests an organization related to horses, which is a common interest in the United States.","The text ""Laura Leigh 2017",,G|C,E|H,0,0.0,2
5473783d-ba57-45b2-8414-33eb26c36ccf,qwen2vl,USA,traditions,USA,"The comic book style and the superhero character, which is a common theme in American comic books.","The text in the speech bubbles, which is in English, the official language of the",,H|E,H,1,0.3333,2
89df03ce-b19f-474d-8f36-e9b41be7d3d5,qwen2vl,USA,traditions,USA,"The pie in the image is a classic American dessert, often associated with Thanksgiving.","The pinecones in the background are a common decoration in the United States, especially during the holiday",,F|G,H,0,0.0,2
7d6f190c-4df7-4306-a1e9-b87ed1e3087c,qwen2vl,USA,rituals,USA,"The statues are dressed in military uniforms, which are commonly associated with the United States military.","The setting appears to be a memorial or monument, which is often used to honor military service",,C|G,A|H,0,0.0,2
ff57c370-a704-49a2-8662-f040dca197df,qwen2vl,USA,rituals,USA,The ring appears to be made of a material that is often associated with American jewelry design.,"The setting of the ring is elegant and sophisticated, which is a style that is popular in",,H|G,H,1,0.3333,2
87a16f79-2e21-4b11-93b2-4871169911e7,qwen2vl,USA,rituals,USA,The American flag is prominently displayed.,The flag of the state of Texas is also visible.,The uniforms of the individuals are those of the United States military.,A|A|B,A|C|H,1,0.3333,3
1880497c-e945-4689-839e-03022a70d7a7,qwen2vl,USA,rituals,USA,"The person is wearing a tricorn hat, which was a popular style in the United States during the colonial period.","The person is dressed in a formal, historical outfit that resembles the",,B|B,H,0,0.0,2
4436f0b0-f4fe-4383-911d-4640c75d9018,qwen2vl,USA,rituals,USA,"""African Methodist Episcopal""","""Presbyterian""","""Baptist""",C|F|C,C|E,1,0.3333,3
46718728-a72a-4651-a2dc-d9d39b32ab74,qwen2vl,USA,clothing,USA,"The person is wearing a white t-shirt, which is a common and widely available clothing item in the United States.","The person is wearing a green jacket, which is a style that",,H|G,E|H,1,0.3333,2
87cc957e-bd81-4ea9-8d40-d6d9bce4ec76,qwen2vl,USA,clothing,USA,"The dress in the image is a white wedding dress, which is a common style in the United States.","The setting appears to be a professional studio, which is typical for bridal fashion",,B|G,B|H,1,0.3333,2
2b697bc6-809b-4d92-aa10-10c31472acaa,qwen2vl,USA,clothing,USA,"The presence of an Apple laptop on the desk suggests a preference for Apple products, which are predominantly manufactured in the USA.",The design of the aprons hanging on the wall includes patterns,,D|B,D|H,1,0.3333,2
f3dee24e-9af4-4a3e-b21c-ad8bf74510dc,qwen2vl,USA,clothing,,"The map includes Togo, which is the country most prominently featured.","The map shows the Bight of Benin, which is a significant coastal feature of Togo.",,G|G,,0,0.0,2
b6aaf31f-d668-4f6e-9d34-c7ecbfa7c8a8,qwen2vl,USA,clothing,USA,The American flag is prominently displayed in the image.,There are several patches and insignias that are associated with the United States military.,"The presence of the """,A|A|C,A|E,1,0.3333,3
9f2b9f74-faa4-4b54-a4f1-aa65e32cb9f9,qwen2vl,USA,drink,India,"The presence of a banana, which is a common fruit in India.","The use of colorful straws, which is a common practice in Indian cuisine.",The,H|F|C,A|H,1,0.3333,3
7cd63749-44d8-4024-ac6c-727bde0ae91a,qwen2vl,USA,drink,USA,"The label on the bottle reads ""Green Flash Brewing Co. San Diego, California,"" which indicates that the brewery is located in the United States.","The word ""Black Ale"" on",,G|D,A|D|E,1,0.3333,2
dca004c5-3d95-44e6-95ef-8116165e04a3,qwen2vl,USA,drink,USA,The currency used in the image is a US dollar bill.,"The substance being snorted appears to be cocaine, which is a drug commonly associated with the United States.",,D|H,A|H,1,0.3333,2
d527b146-00a1-41fb-8671-6114ee9cabb9,qwen2vl,USA,drink,USA,"The text ""GREAT DIVIDE Brewing Co Denver Colorado"" indicates that the brewery is located in the United States.","The word ""COLETTE"" is written in a style that is",,G|E,C|E|H,1,0.3333,2
2fd3e1c4-4980-4f7d-8876-69cd79654a75,qwen2vl,USA,drink,India,"The presence of a banana, which is a common fruit in India.","The use of colorful straws, which is a common practice in Indian cuisine.",The,H|F|C,A|H,1,0.3333,3
41e6fcd3-a802-4639-a9f3-3943c6b1242a,qwen2vl,India,rituals,India,"The landscape and the lake resemble the Himalayan region, which is a well-known part of India.","The language on the sign appears to be in Devanagari script, which",,G|E,G,1,0.3333,2
6a8d47c3-55db-4f2d-b7e0-6c25b6a268c8,qwen2vl,India,rituals,India,"The woman is wearing a sari, which is a traditional garment commonly worn in India.","The woman is holding a flower, which is often used in Indian weddings and ceremonies.",,B|F,E|H,0,0.0,2
b577985c-6eca-41d4-805c-13fdb8822df8,qwen2vl,India,rituals,India,"The individuals are wearing traditional Indian attire, which is commonly associated with India.","The setting appears to be a religious or cultural ceremony, which is a common practice in India.",,B|F,B|H,1,0.3333,2
fdc20e45-b3db-48bd-946b-8969194f3fde,qwen2vl,India,rituals,USA,"The glass of milk is a common symbol associated with the United States, often used in advertising and marketing campaigns.","The grass in the background is green, which is a color often associated",,A|G,G|H,1,0.3333,2
9844e1be-1620-44ee-ac68-57ae9d58ab4f,qwen2vl,India,rituals,India,"The people in the image are wearing traditional Indian attire, such as sarees and kurta.","The presence of a statue or idol, which is a common practice in Indian culture.",,F|F,C|E|H,0,0.0,2
eced265e-c274-45b9-9e1d-16ab6fbad9cd,qwen2vl,India,clothing,India,"The women are wearing sarees, which are traditional Indian garments.","The women are standing in a line, which is a common way of organizing in India.",,F|F,H,0,0.0,2
a9aa210b-bfa3-4ff6-8c82-3c3e7b4544b5,qwen2vl,India,clothing,India,"The traditional attire, specifically the saree and lehenga, are commonly worn in India.",The intricate embroidery and designs on the clothing are typical of Indian fashion.,,B|B,B|G,1,0.3333,2
0c06402c-32eb-4fb0-bd5c-3d8ce5f6e9e2,qwen2vl,India,clothing,India,"The woman is wearing a saree, which is a traditional garment commonly worn in India.",The saree has intricate embroidery and patterns that are characteristic of Indian textile art.,,B|B,H,0,0.0,2
ac9a3d5c-63dd-4fbd-9676-9f913f4029f3,qwen2vl,India,clothing,India,"The traditional attire, a lehenga, is a garment commonly worn in India.",The embroidery and design on the lehenga are typical of Indian fashion.,,B|B,B|H,1,0.3333,2
520f8c8b-3426-4a8e-affd-07b0c26f954b,qwen2vl,India,clothing,India,"The woman is wearing a traditional Indian saree, which is a common garment in India.",The background includes a brick structure that resembles traditional Indian architecture.,The,B|C|C,D|G|H,0,0.0,3
d4d631c2-4c15-4f43-b3bb-bd1fe3157b64,qwen2vl,India,traditions,India,"The mountain in the image resembles Mount Kailash, which is a sacred site in Hinduism, Buddhism, and Jainism. This is strongly associated with India.",The mountain's,,G|G,D|E|H,0,0.0,2
0f7abdc3-c885-4d91-bb7d-67f1c607a7d0,qwen2vl,India,traditions,India,"The presence of the Ganges River, which is a significant river in India.","The mountain range in the background, which resembles the Himalayas, a prominent feature in India.",,G|G,G|H,1,0.3333,2
be330458-bfe8-4b6d-ab4f-0e121faca59d,qwen2vl,India,traditions,India,The majority of the people in the image are holding Indian flags.,There is a person wearing a traditional Indian saree.,The Indian flag is prominently displayed in,A|B|A,A|F|H,1,0.3333,3
ae89905e-966f-43f0-8c0f-cc4ce1b87ac1,qwen2vl,India,traditions,India,The architecture of the buildings in the image resembles traditional Indian architecture.,"The body of water in the image is likely a lake or river, which is common in India.",,C|G,C,1,0.3333,2
3156bba1-7c6d-417e-8841-d6319dc7e3af,qwen2vl,India,traditions,Brazil,"The presence of a tree branch and leaves, which are common in tropical regions.","The coloration of the animals, which resembles the green and brown hues found in Brazilian wildlife.",,G|G,E|H,0,0.0,2
dad09341-9891-4f9e-b292-1f834f9fedc4,qwen2vl,India,drink,Turkey,"The cup of coffee, which is a common beverage in Turkey.","The cinnamon sticks, which are often used in Turkish coffee.","The star anise, which",F|F|D,D|H,1,0.3333,3
9e192054-6b30-44b3-841f-785853bfe7e4,qwen2vl,India,drink,India,"The dark, twisted leaves are characteristic of black tea, which is commonly produced in India.","The texture and color of the leaves are consistent with those of Assam tea, a popular",,G|G,D|H,0,0.0,2
4048bef4-586f-466a-8f53-3a1332979fcd,qwen2vl,India,drink,India,"The cups contain masala chai, which is a traditional Indian tea.","The spoon contains a variety of spices, including star anise, which is commonly used in Indian cuisine.",,D|D,D|E|H,1,0.3333,2
c62249de-cc8b-43b7-aa90-842dbd8d89e2,qwen2vl,India,drink,India,"The tea in the middle cup has a light yellow color, which is characteristic of Darjeeling tea, a popular Indian tea.",The tea in the middle cup has a light yellow,,D|D,A|D,1,0.3333,2
6ec6b59a-9126-4462-89ee-df55d996f4ab,qwen2vl,India,drink,India,The building has a distinct architectural style that is commonly found in India.,The presence of the Indian flag on the flagpole.,The overall design and style of,C|A|C,C|D,1,0.3333,3
5c7b7038-b58d-4a21-b867-b7a72612ff55,qwen2vl,India,food,India,"The dish in the image is Jalebi, which is a popular sweet dish in Indian cuisine.","The garnish on the Jalebi includes almonds, which are commonly used in",,D|F,D,1,0.3333,2
39e397ed-fa8c-40ee-974d-b2f01e397e64,qwen2vl,India,food,India,"The mask in the image is highly stylized and features intricate designs, which are common in Indian art and culture.",The use of vibrant colors and patterns is reminiscent of traditional Indian art,,B|B,E|G|H,0,0.0,2
a82f3319-8037-44df-bcab-0d39d14590e6,qwen2vl,India,food,India,"The text ""m'siavegetarianfood"" suggests a focus on vegetarian food, which is a common theme in Indian cuisine.","The presence of eggplants, which are a",,D|G,D|E|H,1,0.3333,2
3bbeaac4-39d5-449f-b8e0-69a66bbb9400,qwen2vl,India,food,India,The intricate and detailed design of the tapestry is reminiscent of traditional Indian art and textiles.,The use of vibrant colors and patterns is characteristic of Indian craftsmanship.,,C|B,A|E,0,0.0,2
4e2b3e11-9de8-4bfb-99c2-0bac3f7c7618,qwen2vl,India,food,India,"The image shows a close-up of a plant root system, which is a common sight in India, where agriculture and plant life are highly valued.",The texture of the soil or rock,,G|G,G|H,1,0.3333,2
e43999fc-df28-41f1-982f-64a51d79acb7,qwen2vl,Turkey,rituals,Turkey,"The person is using a loom, which is a traditional craft often associated with Turkey.","The clothing style, particularly the hat, is reminiscent of traditional Turkish attire.",,F|B,B|E|H,1,0.3333,2
c3a1ddb5-f12f-4806-bda6-4189d38228d7,qwen2vl,Turkey,rituals,Turkey,The cup and saucer have a traditional design that is often associated with Turkish coffee.,"The tablecloth has a red and white checkered pattern, which is commonly used in Turkey.",,D|D,H,0,0.0,2
a950d18e-1dbc-46c8-955e-4bbf4f41aadb,qwen2vl,Turkey,rituals,Turkey,"The building in the image is a mosque, which is a significant religious and cultural symbol in Turkey.","The flag on the pole is red and white, which are the colors of the",,C|H,C,1,0.3333,2
2b049977-6bfc-4a19-b59a-c9e2beffab94,qwen2vl,Turkey,rituals,USA,"The woman is lying in a bathtub, which is a common activity in the United States.","The presence of a fruit bowl with bananas and oranges suggests a relaxed and comfortable setting, which",,F|D,H,0,0.0,2
2329409d-2712-4aa5-96d1-2cd16298f150,qwen2vl,Turkey,rituals,Turkey,"The instruments in the image are traditional string instruments, which are commonly found in Turkey.","The instruments have a distinctive shape and design, which is characteristic of Turkish musical instruments.",,D|D,E|H,0,0.0,2
a7465e78-a57b-4a6c-bbcf-9214feeafb74,qwen2vl,Turkey,drink,Turkey,"The coffee pot is a traditional Turkish coffee pot, known as a cezve.","The coffee is being poured into a white cup, which is a common way to serve Turkish coffee",,D|F,D|H,1,0.3333,2
fc76de15-b866-4251-af12-bd76901f7c3d,qwen2vl,Turkey,drink,Turkey,"The teapot is made of copper, which is commonly used in Turkish tea culture.","The tea is served in a glass with a metal lid, which is a traditional Turkish tea glass",,D|F,D|H,1,0.3333,2
cedc6039-0f3d-4995-bf1f-eb1cd6590cbf,qwen2vl,Turkey,drink,Turkey,"The coffee pot is a traditional Turkish coffee pot, known as a cezve.","The coffee is being poured into a white cup, which is a common way to serve Turkish coffee",,D|F,D|H,1,0.3333,2
1a2b2bda-ede8-4e7c-99a6-7072401066e6,qwen2vl,Turkey,drink,Turkey,The glass is a traditional Turkish tea glass.,"The word ""BAZAAR TURKEY"" is visible in the image.",The tea is served with a,D|E|C,E|H,1,0.3333,3
fa819613-c07e-4e81-ae2a-6a5fee7b350b,qwen2vl,Turkey,drink,Turkey,The cup and saucer have a design that is commonly associated with Turkish coffee.,"The coffee appears to be a strong, dark brew, which is typical of Turkish coffee.",,D|D,D|E,1,0.3333,2
4efc5850-d150-471b-8188-4f35d3b63b48,qwen2vl,Turkey,clothing,USA,"The text ""OZ"" on the label, which is a common abbreviation for ounces, a unit of measurement used in the United States.","The presence of the word ""RCA",,E|H,E,1,0.3333,2
a5ffd0e5-343e-484b-92dc-aa8f00b18e98,qwen2vl,Turkey,clothing,Turkey,"The woman is wearing a traditional Turkish towel, which is a common item in Turkey.","The landscape in the background includes cacti, which are commonly found in Turkey's arid",,B|G,E|H,0,0.0,2
c67a3887-7cf3-4455-8122-e60eedd643a7,qwen2vl,Turkey,clothing,Turkey,"The woman is wearing a traditional Turkish outfit, which is often characterized by intricate embroidery and vibrant colors.","The headpiece she is wearing is similar to a traditional Turkish headgear, known",,B|B,B,1,0.3333,2
0c5aee4c-d9fe-462e-8df1-ef7320c618cb,qwen2vl,Turkey,clothing,USA,The style of the bathroom fixtures and the design of the sink and faucet are reminiscent of modern American bathroom designs.,The presence of a thermostat on the wall is a common feature in many,,C|G,D|H,0,0.0,2
2272ab97-94b6-4151-9ec6-763f05b0c22c,qwen2vl,Turkey,clothing,USA,"The pendant features a star, which is a symbol often associated with the United States.","The pendant has a design that resembles the American flag, with red and white stripes.",,A|A,H,0,0.0,2
2b514973-2195-4908-8bda-3f958deb8bdb,qwen2vl,Turkey,food,USA,"The bowl and pot are made of ceramic and metal, which are common materials used in American kitchens.",The type of beans being added to the pot are similar to those used in American,,D|D,D,1,0.3333,2
f7a3dcee-b9cb-4f4b-94b6-617336a4d320,qwen2vl,Turkey,food,Germany,The hazelnuts are a common crop in Germany.,The hazelnut tree is a native plant in Germany.,The hazelnuts are ripe and ready,G|G|G,H,0,0.0,3
fd72fc17-d0df-47fd-9d0c-4e6803e873c0,qwen2vl,Turkey,food,Turkey,"The pastries and desserts in the image, such as baklava, are traditional Turkish treats.","The word ""MADO"" on the cakes, which is a well-known Turkish",,D|E,D|E|H,2,0.6667,2
e3ddb612-2a9b-4cda-a547-572583a1e202,qwen2vl,Turkey,food,Turkey,"The dessert in the image is baklava, which is a traditional Turkish dessert.","The nuts in the image are pistachios, which are commonly used in Turkish cuisine.",,F|D,E,0,0.0,2
c6f9ae05-ef81-4957-b6f0-7a177580e2d5,qwen2vl,Turkey,food,USA,"The name ""MADO"" on the trays, which is a common name in the United States.","The style of the desserts, which resembles those found in American cafes and ice cream",,F|D,D|H,1,0.3333,2
443e4b25-3d4a-40e3-a270-e48c9d37f105,qwen2vl,Turkey,traditions,Turkey,"The man is wearing a red and white shirt, which is a common color combination in Turkey.","The horse is a bay color, which is a common horse color in Turkey.",,B|B,H,0,0.0,2
e2af3f45-8230-49e5-9fb2-19c8b42b9816,qwen2vl,Turkey,traditions,Turkey,"The cups have a design that resembles the Ottoman Empire's coat of arms, which is a strong cultural symbol of Turkey.","The cups are filled with a dark liquid, which is typical",,A|D,D|E,1,0.3333,2
9463f29a-4672-4021-923f-3827ddcfae45,qwen2vl,Turkey,traditions,Turkey,"The image shows a rock-cut tomb complex, which is a common architectural feature in Turkey.",The landscape and the style of the tombs are reminiscent of the Lycian tombs,,C|C,C|G|H,1,0.3333,2
c5fa60a8-7191-498a-8cc9-db07ec48dd86,qwen2vl,Turkey,traditions,China,The bow and arrow in the image are of a style commonly associated with Chinese archery.,The presence of Chinese characters on the label in the background supports the idea that this is a,,E|E,D|H,0,0.0,2
a48d89f9-3486-46e8-a68c-c47ad537226f,qwen2vl,Turkey,traditions,Turkey,"The landscape in the image is characteristic of Cappadocia, a region in Turkey known for its unique rock formations and ancient cave dwellings.",The architecture of the buildings in,,G|C,C|E,1,0.3333,2
468a0a50-3eba-40b2-92b0-5b172fb30c01,qwen2vl,Ethiopia,traditions,India,"The dish appears to be a curry, which is a common and popular cuisine in India.","The presence of boiled eggs, which are a common ingredient in many Indian dishes.",,D|D,D|E|H,1,0.3333,2
f555701d-40c7-4400-9bdc-eda62ace2912,qwen2vl,Ethiopia,traditions,Ethiopia,"The architecture and buildings in the image have a distinct African style, which is common in Ethiopia.","The presence of a large, open space with trees and a building that resembles a government",,C|G,C|G|H,2,0.6667,2
6653f8dd-3fff-48a3-8e29-065917a610b0,qwen2vl,Ethiopia,traditions,Ethiopia,"The person is wearing a traditional outfit, which is common in Ethiopia.",The landscape with a river and trees is typical of the Ethiopian countryside.,The person is,B|G|H,H,1,0.3333,3
8eafe537-95b2-4e1f-8416-8196d5fd59cb,qwen2vl,Ethiopia,traditions,Ethiopia,The landscape and vegetation are consistent with the highlands of Ethiopia.,"The presence of coffee plants, which are commonly grown in Ethiopia.",The overall terrain and mountain,G|G|G,G,1,0.3333,3
7cde7484-09d6-4675-859f-c98293b98f27,qwen2vl,Ethiopia,traditions,India,"The clothing style of the individuals, particularly the traditional attire of the woman, is indicative of Indian culture.","The architecture of the building, with its simple and rustic design, is common",,B|C,B|H,1,0.3333,2
b42f7e81-16d7-4b6b-a305-d8e79c5ddf58,qwen2vl,Ethiopia,drink,Ethiopia,"The person is wearing a traditional Ethiopian dress, which is characterized by its vibrant colors and patterns.","The table setting includes a coffee pot and cups, which are commonly used in Ethiopian coffee",,B|D,H,0,0.0,2
46f8812b-adca-4161-ae1f-9f6c5600599c,qwen2vl,Ethiopia,drink,Ethiopia,"The word ""Ethiopia"" is prominently displayed on the label.","The design on the bag features a bird, which is a common symbol in Ethiopian culture.",,C|E,E|H,1,0.3333,2
d97dd49b-2351-46fb-814b-b5f0a72d251e,qwen2vl,Ethiopia,drink,Nigeria,"The drink in the bottle appears to be a type of juice, which is commonly associated with Nigerian cuisine and culture.",The wooden table and the rustic setting suggest a traditional or rural environment,,D|G,D|H,1,0.3333,2
c8b19f46-371b-46f5-89ca-93b99b2fd6a0,qwen2vl,Ethiopia,drink,Ethiopia,"The word ""Ethiopian"" is written on the image.",The person in the image is wearing traditional Ethiopian attire.,The image features traditional Ethiopian food and,H|B|D,E|H,1,0.3333,3
f71472c0-2cb4-475d-9b08-5787585f550e,qwen2vl,Ethiopia,drink,Ethiopia,"The coffee beans are green, which is typical of unripe coffee beans from Ethiopia.","The coffee plant is growing in a natural environment, which is common in Ethiopia's coffee-growing regions",,H|G,D|H,1,0.3333,2
bff5977b-7901-4d1e-96a1-5c0d19848a0f,qwen2vl,Ethiopia,clothing,Ethiopia,The patch on the uniform features the flag of Ethiopia.,The flag includes the colors and design elements specific to the Ethiopian flag.,The presence of the flag on,A|A|A,A|H,1,0.3333,3
5880280d-93fc-446b-8079-58300559adda,qwen2vl,Ethiopia,clothing,Nigeria,"The woman is wearing a bright red apron, which is a common color in Nigerian culture.",The clothing on display includes vibrant colors and patterns that are often seen in traditional Nigerian attire,,B|B,B|H,1,0.3333,2
9cddc74e-a74b-4b29-9493-f6bac0aa27ea,qwen2vl,Ethiopia,clothing,Ethiopia,The fabric has a pattern that resembles the traditional Ethiopian weaving style.,The colors and design are reminiscent of the cultural textiles from Ethiopia.,The fabric appears to be,B|B|C,H,0,0.0,3
0b04f451-42cf-462b-b983-307e13183f45,qwen2vl,Ethiopia,clothing,Ethiopia,"The man is wearing a traditional Ethiopian hat, which is a common headwear in Ethiopia.","The man is holding a cross, which is a symbol commonly associated with the Ethiopian Orthodox Church",,B|F,H,0,0.0,2
01a1d08a-e2a5-4a81-afb5-9831cddd3e88,qwen2vl,Ethiopia,clothing,China,"The image shows a citrus fruit, which is commonly grown in China.","The fruit has a green color, which is typical for unripe citrus fruits in China.",,G|G,D|H,0,0.0,2
3d4755c8-3116-45b7-a80f-10c886ec742d,qwen2vl,Ethiopia,food,Ethiopia,The landscape and vegetation are consistent with the arid and semi-arid regions found in Ethiopia.,The traditional straw huts are typical of rural areas in Ethiopia.,,G|B,E|G,1,0.3333,2
1b7870bb-8b83-46e9-bced-5f1f7c45ec19,qwen2vl,Ethiopia,food,India,"The plant in the image resembles the neem tree, which is native to India.","The name of the plant is written in a script that appears to be Devanagari,",,G|E,H,0,0.0,2
9c96c4f7-b755-4960-948b-8c0ea7761880,qwen2vl,Ethiopia,food,Ethiopia,"The food item in the image resembles injera, a type of flatbread commonly found in Ethiopia.","The plate contains a mixture of grains and seeds, which are ingredients used in inj",,D|G,D,1,0.3333,2
dc3a53b7-bcd5-4354-93b6-f954b82269e1,qwen2vl,Ethiopia,food,Ethiopia,"The food appears to be injera, a type of flatbread commonly used in Ethiopian cuisine.","The dish is served on a piece of injera, which is a traditional Ethiopian food",,D|F,D,1,0.3333,2
3d773278-fed5-46fd-976e-a018441b9190,qwen2vl,Ethiopia,food,USA,"The dish appears to be a type of barbecue or grilled meat, which is a popular cuisine in the United States.",The presentation of the dish on a white plate is common in American,,D|F,D|H,1,0.3333,2
0ed35e82-2fa8-46d6-b4e0-629c66728ae8,qwen2vl,Ethiopia,rituals,USA,"The architecture of the building in the background resembles that of the Salt Lake Temple, which is a prominent landmark in Salt Lake City, Utah, USA.","The attire of the children,",,C|B,A|H,0,0.0,2
22cd2fea-0e59-4662-8146-874abbac1fcf,qwen2vl,Ethiopia,rituals,Ethiopia,"The attire of the people in the image, which includes traditional robes and ceremonial clothing, is characteristic of Ethiopian culture.","The presence of a large, ornate structure that resembles a throne",,B|C,F,0,0.0,2
d54dbb9a-94a1-470b-a1d1-12f9f313bb77,qwen2vl,Ethiopia,rituals,Ethiopia,"The architecture of the building, which appears to be a rock-hewn church, is characteristic of Ethiopian churches.","The clothing style of the people, particularly the white robes, is typical",,C|B,B|C|D,2,0.6667,2
535f44c0-e569-40b7-9b05-2ab1ef0f8368,qwen2vl,Ethiopia,rituals,Ethiopia,"The person is wearing a traditional Ethiopian dress, which is characterized by its colorful and patterned fabric.","The setting appears to be a traditional Ethiopian coffee ceremony, which is a significant cultural",,B|F,B|D|H,1,0.3333,2
f8c67c30-7009-4b45-9991-34eae86da207,qwen2vl,Ethiopia,rituals,Ethiopia,"The man is wearing a traditional outfit, which is often seen in Ethiopia.","The man is holding a rosary, which is commonly used in Ethiopian Orthodox Tewahedo Church.",,B|H,B|G|H,2,0.6667,2
19289618-394a-4b0b-ad8f-ffe2157564aa,qwen2vl,Iran,rituals,Iran,"The map shows a significant portion of the Middle East, which includes Iran.","The presence of the Persian Gulf and the Caspian Sea on the map, which are located in Iran",,G|G,,0,0.0,2
98eed9b0-5603-4c58-b498-34df83a4d44e,qwen2vl,Iran,rituals,Iran,"The men are wearing traditional clothing, which is often seen in Iran.","The men are using Persian script on their computers, which is used in Iran.",The,B|E|C,H,0,0.0,3
139ebae1-b6e8-4a4c-9368-f0bb40c93b7e,qwen2vl,Iran,rituals,Iran,"The presence of a traditional Persian dish, the polo, which is a type of rice dish, is a strong indicator of Iranian culture.","The use of a chador, a traditional",,F|B,D|H,0,0.0,2
d4763361-b78a-4ad4-a747-43d7d7d74151,qwen2vl,Iran,rituals,Iran,"The presence of pomegranates, which are a traditional symbol of Iran.","The use of red and white colors, which are the national colors of Iran.",,B|A,D|E|H,0,0.0,2
0b9aadd7-4769-4584-8fd7-428dfa00fdaf,qwen2vl,Iran,rituals,Iran,The dates in the image are a common fruit in Iran.,The dates are a traditional food in Iran.,The dates are a symbol of hospitality and generosity in,F|F|D,H,0,0.0,3
00a46fda-95f7-455b-8bba-e320575b6ea3,qwen2vl,Iran,food,Iran,"The text ""IRAN"" is visible in the image.","The people are wearing traditional clothing, which is common in Iran.",The food and table setting are,E|B|D,B|D|H,2,0.6667,3
79f909c7-d80a-4cab-a96a-0f26f374331c,qwen2vl,Iran,food,Iran,"The person on the left is wearing a traditional Iranian chador, which is a headscarf worn by women in Iran.",The person on the right is wearing a traditional Iranian dress,,F|F,D|H,0,0.0,2
75a71390-5aea-4c53-957a-a6e71b746fa3,qwen2vl,Iran,food,India,"The plant in the image is a fenugreek plant, which is commonly grown in India.","The seeds in the jar are fenugreek seeds, which are a common ingredient in",,G|G,G|H,1,0.3333,2
09180ea8-c1bf-4724-9f70-7501f4f20cf4,qwen2vl,Iran,food,Iran,"The presence of saffron, which is a spice commonly used in Iranian cuisine.","The cookies on the plate, which could be a traditional Iranian dessert.",,D|F,D|E,1,0.3333,2
d87f6641-66de-446e-a933-47ad83edc1f0,qwen2vl,Iran,food,Iran,"The dish includes saffron rice, which is a traditional ingredient in Iranian cuisine.","The presence of a kebab, which is a popular dish in Iran.",,D|F,D|E,1,0.3333,2
fbe240a9-76de-4a92-8136-ea1716764e8d,qwen2vl,Iran,traditions,Iran,"The traditional clothing, such as the chador and the headscarf, is indicative of Iranian fashion.",The presence of Persian script in the image suggests a cultural or historical connection to,,B|E,H,0,0.0,2
34dd1cb8-5e75-42fb-933a-79c31b9a7dbe,qwen2vl,Iran,traditions,Iran,The soldiers are wearing uniforms that resemble those used by the Iranian Revolutionary Guard.,The tanks in the background have a distinctive design that is similar to those used by the Iranian military.,,B|C,H,0,0.0,2
829128f6-3b16-48aa-9654-69ba391bc9c6,qwen2vl,Iran,traditions,Iran,"The women are wearing hijabs, which is a traditional headscarf worn by many women in Iran.","The women are dressed in traditional clothing, which is common in Iran.",,B|B,H,0,0.0,2
f4247462-9218-4cf6-9952-434510763b03,qwen2vl,Iran,traditions,Iran,"The architecture of the building, with its intricate tile work and geometric patterns, is characteristic of Persian design.","The dress style of the people, particularly the women wearing hijabs, is",,C|B,C|E,1,0.3333,2
e0ab0bf7-2f4f-4f11-a030-bf9080c1007d,qwen2vl,Iran,traditions,Iran,"The intricate geometric patterns and calligraphy on the walls are characteristic of Islamic art, which is strongly associated with Iran.","The architecture, with its ornate designs and the use of light",,E|C,E|H,1,0.3333,2
e7fcffa3-291f-4074-8452-afb7753bd3eb,qwen2vl,Iran,drink,Iran,"The fruit in the image resembles a pomegranate, which is a common fruit in Iran.","The color of the fruit is a combination of red and green, which is typical",,D|G,H,0,0.0,2
6a9e5e3f-fc05-4c27-99e0-8f62cbfbce0a,qwen2vl,Iran,drink,Iran,"The color of the pistachios is green and brown, which is characteristic of pistachios from Iran.","The shape of the pistachios is oval, which is typical of",,G|G,H,0,0.0,2
0aa13c4d-b47c-4bc7-a4bb-957561dbad02,qwen2vl,Iran,drink,India,"The tea is labeled as ""Best Cardamom"" and ""Best Ceylon Tea Leaves with Cardamom,"" which are commonly associated with Indian tea.",The tea is imported,,F|D,D,1,0.3333,2
34057f2e-1376-4a8d-92f0-6edc0ffa859b,qwen2vl,Iran,drink,Iran,"The dish appears to be a kebab, which is a traditional Iranian dish.","The presence of yogurt and mint, which are common ingredients in Iranian cuisine.",,F|D,D|H,1,0.3333,2
fd222649-bb5d-4bca-aedb-57a9bb3f9a4e,qwen2vl,Iran,drink,USA,"The flower in the image resembles a rose, which is a popular flower in the United States.",The green leaves and the overall garden setting are common in the United States.,,G|G,D|H,0,0.0,2
2bec6a9c-431a-4dfa-bd02-57b455d95a3a,qwen2vl,Iran,clothing,Iran,"The woman in the foreground is wearing a hijab, which is a traditional headscarf worn by many women in Iran.",The woman in the background is wearing a headscarf,,F|F,H,0,0.0,2
2ffd117c-1a33-4b7a-a359-c3bb9ad35cec,qwen2vl,Iran,clothing,India,"The sign with a woman wearing a saree, which is a traditional garment commonly worn in India.","The sign with a cup and a saucer, which is a common sight in",,E|E,H,0,0.0,2
6be2a046-67c7-4a4c-b67c-31d41a0714a5,qwen2vl,Iran,clothing,Iran,"The woman in the foreground is wearing a hijab, which is a traditional headscarf worn by many women in Iran.",The woman in the background is wearing a headscarf,,F|F,H,0,0.0,2
d0e20d67-24e5-4292-9222-4b60fdeb3b4f,qwen2vl,Iran,clothing,Iran,The intricate patterns and designs on the rugs are characteristic of Persian carpet weaving.,The use of vibrant colors and detailed floral motifs are typical of Iranian rug designs.,,E|G,B|D|E,1,0.3333,2
1a8a184f-8ace-4cf9-a732-af3ceedef990,qwen2vl,Brazil,food,India,"The food item in the image resembles a dosa, which is a popular Indian dish.",The cooking pan has a design that is commonly seen in Indian kitchens.,,D|D,E|H,0,0.0,2
92e9ea16-f3a3-42fd-9b4a-304d1e8bb39c,qwen2vl,Brazil,food,India,"The plant in the image resembles a type of mint, which is commonly grown in India for culinary and medicinal purposes.",The soil and mulch used in the garden are typical of those,,G|G,D|G,1,0.3333,2
8d88fa68-f254-4577-9922-87ba6696d54f,qwen2vl,Brazil,food,India,"The bowl is white, which is a common color for Indian ceramic bowls.",The cashew nuts are a popular snack in India.,The image is simple and,D|D|C,H,0,0.0,3
97b3a522-968d-4db3-9126-1898cb9dca5f,qwen2vl,Brazil,food,India,"The fruit in the image resembles a banana, which is commonly grown in India.","The cutting board is made of wood, which is a common material used in India for kitchen utensils",,D|D,D|H,1,0.3333,2
61cd5c3a-9325-4cdf-9ff2-0e8625c8e8bc,qwen2vl,Brazil,food,,"The label on the bag mentions ""Vietnam"" as the origin of the cashews.","The number ""122"" is associated with Vietnam, which is a common practice in",,B|F,,0,0.0,2
2faa706e-08ea-4f4e-9f88-6000d10bb322,qwen2vl,Brazil,traditions,Brazil,The flag of Brazil is prominently displayed in the center of the image.,"The colors of the Brazilian flag (green, yellow, and blue) are visible in the arrangement of the flowers",,G|A,E|H,0,0.0,2
3429c249-9b78-4612-8b82-8ce2405193ce,qwen2vl,Brazil,traditions,Brazil,"The flag features the colors green, yellow, and blue, which are the official colors of Brazil.","The flag includes the text ""ORDEM E PROGRESSO,"" which is the",,A|A,A,1,0.3333,2
7b73f9f5-70a9-4324-a79d-99302078220b,qwen2vl,Brazil,traditions,Brazil,"The text ""Casa do Amarelindo - Salvador"" suggests a location in Salvador, Brazil.",The style of the pool and the surrounding architecture is typical of Brazil.,,C|C,C|H,1,0.3333,2
525abdb3-d337-4b12-b2ee-01a6e3e1f780,qwen2vl,Brazil,traditions,Brazil,"The person is wearing a traditional earring, which is often seen in indigenous cultures in Brazil.","The background appears to be a dense forest, which is characteristic of the Amazon rainforest",,B|G,H,0,0.0,2
6f8351dc-db39-4a4c-9370-b035dc80d66f,qwen2vl,Brazil,traditions,Brazil,"The boat in the image appears to be a traditional Brazilian fishing boat, known as a caiaque.",The wooden structure and the style of the boat are reminiscent of traditional Brazilian maritime,,F|C,D|E|H,0,0.0,2
6b0be593-f193-48ee-bdd8-8f8cc3da741a,qwen2vl,Brazil,clothing,USA,"The text ""PUMA"" is visible on the white T-shirt, which is a well-known American brand.","The design and style of the T-shirts are modern and casual,",,E|B,H,0,0.0,2
f1f5ca23-1476-4be2-a203-079c456d58b7,qwen2vl,Brazil,clothing,USA,"The bikini top has a design that is reminiscent of American flag colors, with blue and white stripes.","The bikini bottom also features a similar striped pattern, which is often associated with American",,A|G,H,0,0.0,2
f12dd800-7905-428c-9690-28747601a795,qwen2vl,Brazil,clothing,USA,"The text ""PUMA"" is visible on the white T-shirt, which is a well-known American brand.","The design and style of the T-shirts are modern and casual,",,E|B,H,0,0.0,2
1b080c55-9d6e-489f-95d6-8f03f713099b,qwen2vl,Brazil,clothing,USA,"The word ""VANS"" is visible on the shoe, which is a brand associated with the United States.",The design and style of the shoe are reminiscent of classic American footwear.,,H|C,H,1,0.3333,2
ec6992fc-90b0-45fa-8cb0-0979086911d7,qwen2vl,Brazil,clothing,USA,"The word ""Quiksilver"" is visible on the flip-flops, which is a brand associated with the United States.",The design and style of the flip-flops are typical,,E|B,E|H,1,0.3333,2
4c79241e-3dc9-44d8-bed7-421701a25103,qwen2vl,Brazil,rituals,USA,"The word ""USA"" is visible on the object.","The object appears to be a sports mouthguard, which is commonly used in American sports.",The design,A|D|C,H,0,0.0,3
e2ee5b98-bfa9-4103-aa2c-e0397e9bd668,qwen2vl,Brazil,rituals,Brazil,"The woman is wearing a traditional Bahian (Baiana) costume, which is a common attire in Brazil, especially in the state of Bahia.",The setting appears to be a,,B|G,A|G|H,1,0.3333,2
ec1ebd50-a42c-47c5-a77d-00546adf6224,qwen2vl,Brazil,rituals,USA,"The person is wearing a wedding ring, which is a common symbol of marriage in the United States.","The setting appears to be a natural outdoor environment, which is a popular choice for",,F|G,H,0,0.0,2
751a2a0e-916c-48e1-a267-c7c59106d6b0,qwen2vl,Brazil,rituals,Brazil,"The sign on the wall reads ""Chute Boxe Muay Thai Vale Tudo,"" which is a Brazilian martial art.",The individuals in the image are wearing traditional Brazilian jiu,,E|F,E|H,1,0.3333,2
aec29b23-29fa-4d4d-b20c-73e160c63943,qwen2vl,Brazil,rituals,Brazil,"The person is wearing a black gi, which is commonly associated with Brazilian Jiu-Jitsu (BJJ).","The gi has a white belt, which is a common rank in Brazilian",,H|F,H,1,0.3333,2
035e6a4b-1414-44d6-8b17-8bac0bb64a42,qwen2vl,Brazil,drink,Brazil,"The dish in the brown pot appears to be feijoada, a traditional Brazilian dish made with beans and various meats.",The side dish of collard greens is a common accompan,,D|D,D,1,0.3333,2
daef26fc-191a-476a-a883-66c9dad9f963,qwen2vl,Brazil,drink,USA,"The sign on the pump indicates ""USA"" and ""100 Octane.""",The price displayed is in dollars.,The overall design and branding of the,E|C|E,D|E|H,1,0.3333,3
f8d29900-ef57-4a37-93ee-d6596f54b8b0,qwen2vl,Brazil,drink,Brazil,The flag in the image is the Brazilian flag.,"The word ""ORDEM E PROGRESSO"" is visible on the flag, which is a phrase from the Brazilian national motto.",,A|A,E|G|H,0,0.0,2
449dd4e6-c146-4c46-a36f-506b0669f056,qwen2vl,Brazil,drink,USA,"The graph is labeled ""Sensory characteristics of Mozzarella cheese on days 2, 9, 16, 23 and 30 of storage.""",The,,D|C,H,0,0.0,2
b6a921ff-8d0c-41e1-8a6a-f9f1068693ee,qwen2vl,Brazil,drink,Nigeria,"The fruit in the image resembles a baobab fruit, which is native to Africa and commonly found in Nigeria.",The texture and color of the fruit's interior are consistent with the,,G|G,D,0,0.0,2
7b652a5a-c293-42d8-9245-c3e1556636c1,qwen2vl,Rwanda,clothing,Ethiopia,"The person is wearing a traditional beaded bracelet, which is often seen in Ethiopian culture.","The person is wearing a red shawl, which is a common traditional garment in Ethiopia.",,B|B,A|H,0,0.0,2
a13fc28b-003a-4e28-8850-905313634459,qwen2vl,Rwanda,clothing,Nigeria,"The man is wearing a leopard print outfit, which is a common pattern in traditional Nigerian attire.","The woman is wearing a white and gold dress, which is reminiscent of traditional Nigerian clothing",,B|B,E|H,0,0.0,2
693a728d-e9d9-4d50-a6c8-c38a7d8dce35,qwen2vl,Rwanda,clothing,Nigeria,"The clothing worn by the characters, such as the colorful and vibrant fabrics, is reminiscent of traditional African attire.","The presence of a baby wrapped in a cloth, which is a common",,B|F,B,1,0.3333,2
843b1217-b7f6-4c73-9d38-0eac63bf6f28,qwen2vl,Rwanda,clothing,USA,"The individual is holding a copy of ""The Book of Mormon,"" which is a religious text associated with the Church of Jesus Christ of Latter-day Saints (LDS Church), a major religious group in the United",,,E,E|H,1,0.3333,1
2a57f463-0a45-4852-9a58-acbf91395812,qwen2vl,Rwanda,clothing,Nigeria,"The individual is wearing a military uniform with a camouflage pattern, which is commonly used by Nigerian military forces.","The individual is wearing a blue cap, which is a common color for military",,B|F,H,0,0.0,2
3fd7af11-b663-486b-a962-16c72d01e706,qwen2vl,Rwanda,traditions,India,"The architecture of the building, with its thatched roof and simple structure, is reminiscent of traditional Indian designs.",The surrounding vegetation and natural setting are typical of the Indian countryside.,,C|G,H,0,0.0,2
a952f9e8-5281-4661-950e-ffbf264a69f2,qwen2vl,Rwanda,traditions,Ethiopia,The pattern and texture of the woven material resemble traditional Ethiopian basket weaving.,The color scheme of red and beige is often associated with Ethiopian textiles and crafts.,The,C|B|C,H,0,0.0,3
d83a91b8-849b-4f7f-8c8e-168734417cd3,qwen2vl,Rwanda,traditions,Brazil,"The image shows coffee beans, which are a major export of Brazil.","The coffee beans are roasted, which is a common method of processing coffee beans in Brazil.",,H|D,D|H,2,0.6667,2
ae3e7c2c-7bd7-4086-93d8-14c1f86a3184,qwen2vl,Rwanda,traditions,India,"The dish appears to be a type of biryani, which is a popular dish in Indian cuisine.","The presence of spices and herbs, which are commonly used in Indian cooking.",,F|D,D|H,1,0.3333,2
03e3c931-426c-454a-a977-1805f7c65f15,qwen2vl,Rwanda,traditions,Ethiopia,"The basket has a traditional design with geometric patterns, which is often seen in Ethiopian basketry.",The color scheme of brown and yellow is reminiscent of the colors used in Ethiopian art and,,B|D,A|E|H,0,0.0,2
2ee2ff8e-8560-4eb9-b869-6ba468258201,qwen2vl,Rwanda,food,Brazil,The avocado in the image is a common fruit in Brazil.,"The avocado leaves are green, which is a typical color for avocado leaves in Brazil.",The avocado,G|G|D,D|G|H,2,0.6667,3
b0cbe990-43cc-45a9-9f98-ab8a0a38fe64,qwen2vl,Rwanda,food,Ethiopia,"The image shows a person holding a handful of coffee beans, which is a common crop in Ethiopia.","The coffee beans appear to be of a type that is often grown in Ethiopia,",,H|H,D|H,1,0.3333,2
ab6ac2e8-bdfc-452f-8119-914e40e8b151,qwen2vl,Rwanda,food,Rwanda,"The traditional attire worn by the individuals, which is commonly seen in Rwanda.","The landscape in the background, which resembles the hilly terrain found in Rwanda.",,B|G,B|H,1,0.3333,2
16ff40c1-2e0d-4207-992b-7ff20edf427a,qwen2vl,Rwanda,food,India,"The person is wearing traditional footwear, which is commonly seen in rural areas of India.",The goat has a coat pattern that is typical of breeds found in India.,,B|B,G|H,0,0.0,2
eed6d393-d438-4d10-8782-d5443e9342be,qwen2vl,Rwanda,food,Nigeria,"The image shows a pile of cassava roots, which are a staple food in Nigeria.","Cassava is a common crop in Nigeria, often used in various dishes and snacks.",,F|F,E|H,0,0.0,2
e46d024b-8bdb-46d2-ad2b-d5dd20831693,qwen2vl,Rwanda,drink,India,The landscape with tea plantations is characteristic of the tea-growing regions in India.,The presence of a single tree in the foreground is a common sight in Indian tea gardens.,,G|G,G|H,1,0.3333,2
b6b1e4ca-d9e8-4d54-a292-82c2bf818d3b,qwen2vl,Rwanda,drink,Ethiopia,"The individuals are wearing caps with the text ""Maka Coffee Exports Limited,"" which suggests a connection to the coffee industry.","The coffee beans are spread out on drying racks, a",,B|D,B|H,1,0.3333,2
7fa37c8c-5b74-4898-ba37-a0c2933cdb03,qwen2vl,Rwanda,drink,Ethiopia,"The coffee maker appears to be a pour-over type, which is commonly associated with Ethiopian coffee.","The coffee is dark and rich, which is characteristic of Ethiopian coffee.",,D|H,H,1,0.3333,2
a8e28ea4-0eac-497a-b894-1e682ef66e8e,qwen2vl,Rwanda,drink,USA,"The presence of a metal structure in the background, which resembles a bridge or a similar infrastructure, is commonly found in the United States.","The sky appears to be clear and blue,",,C|C,E|G|H,0,0.0,2
39456870-dff9-4521-85a7-8ce1e1156572,qwen2vl,Rwanda,drink,Germany,"The word ""Synchro"" on the coffee machine, which is a brand name that is often associated with German engineering.","The design and style of the coffee machine, which is",,E|C,D|E,1,0.3333,2
d501d03b-8677-427a-bd3c-80ef26349cf6,qwen2vl,Rwanda,rituals,Nigeria,The women are wearing traditional attire that is commonly seen in Nigeria.,"The setting appears to be a cultural or traditional event, which is common in Nigeria.",The,B|F|C,H,0,0.0,3
f7c40fe4-ac32-46c5-922c-89e85b650906,qwen2vl,Rwanda,rituals,Nigeria,"The child is sitting in a blue plastic bucket, which is a common household item in many African countries.","The background shows a rural setting with simple structures and outdoor seating, which is",,D|G,H,0,0.0,2
1192021a-598b-48bb-be52-9f576e627384,qwen2vl,Rwanda,rituals,USA,"The background includes a bookshelf with books, which is a common feature in many homes and offices in the United States.","The lighting and setting suggest a formal or professional environment, which",,G|C,H,0,0.0,2
86ea271d-4352-4963-80a2-96b496b9ab50,qwen2vl,Rwanda,rituals,Nigeria,"The text ""BellaNaija"" in the image is a reference to BellaNaija, a popular Nigerian lifestyle and entertainment website.","The attire of the individuals, with",,E|H,E|H,2,0.6667,2
9ade2c60-6dfc-4eaf-bfc4-f317af15ac60,qwen2vl,Rwanda,rituals,,The flag in the image is the flag of Uganda.,The map outline is of Uganda.,"The flag features a bird, which is a common element in the",A|G|A,,0,0.0,3
ff0bce0b-7179-486e-9d05-9efa37b21512,qwen2vl,Germany,traditions,Germany,"The architecture in the image resembles that of German towns, with its half-timbered buildings and the presence of a Christmas market.",The Christmas tree is decorated with lights and ornaments,,C|F,E|H,0,0.0,2
e6e586b2-3904-40e5-8fcd-0e8201909ad0,qwen2vl,Germany,traditions,USA,The logo on the shirts of the children in the foreground features the American flag.,"The website address on the shirts includes ""aysouniteddri.org,"" which suggests a connection to",,A|F,A|G,1,0.3333,2
dd47b69e-013f-4997-9504-4d2e8a37342d,qwen2vl,Germany,traditions,Germany,"The image shows a Christmas market, which is a common tradition in Germany.",The architecture in the background resembles that of German churches.,The presence of a Christmas,F|C|C,E|G|H,0,0.0,3
b3d8b8f5-af2a-416e-b0ff-deaa2a94d8e5,qwen2vl,Germany,traditions,USA,The Christmas tree is decorated with ornaments that are typical of American Christmas traditions.,"The presence of a Christmas tree itself, which is a strong cultural symbol in the United States.",,F|G,F|G|H,2,0.6667,2
82215031-0639-473d-8f9c-7c9de723779d,qwen2vl,Germany,traditions,Germany,"The architecture of the building, which resembles the style of German Gothic churches.","The use of half-timbered construction, a common feature in German architecture.",,C|C,A|C,1,0.3333,2
39733d4c-5b90-473a-b873-d62f74e809fa,qwen2vl,Germany,food,Germany,"The word ""Oktoberfest"" is written on the gingerbread hearts, which is a traditional festival in Germany.","The gingerbread hearts have a traditional German design, including a beer",,E|D,D|E|H,2,0.6667,2
bcc78c9f-680f-41a8-959a-b71924fe3835,qwen2vl,Germany,food,Germany,"The dish appears to be a currywurst, which is a popular German dish.",The presence of curry powder on the sausage is a common topping in German cuisine.,,D|D,D,1,0.3333,2
e3ca3318-1490-4d72-bed8-d9c1813ed430,qwen2vl,Germany,food,Germany,The pretzels in the image are a traditional German food item.,"The word ""AndreasRecipes.com"" in the image suggests a German origin, as ""Andreas"" is",,D|F,D|H,1,0.3333,2
e59b1cbd-2cfd-428a-b1f4-fba8cbfb08ec,qwen2vl,Germany,food,Germany,"Schnitzel - The dish in the image is a schnitzel, which is a popular German dish.",Lemon - The lemon wedge is a common accompaniment to schnitz,,D|G,H,0,0.0,2
cc3e4687-4fba-4fe1-aeb3-489db832865c,qwen2vl,Germany,food,Germany,"The dish appears to be a cucumber salad, which is a common dish in German cuisine.","The presence of dill, a common herb in German cooking, is visible in the salad",,D|G,D,1,0.3333,2
31e9a0fd-c1ab-4668-a100-e869e7c36d2e,qwen2vl,Germany,rituals,USA,"The architectural style of the church, including the steeple and the brick construction, is reminiscent of many churches found in the United States.",The presence of a sign with a blue,,C|E,A|C,1,0.3333,2
535d82e7-8b5f-4ed4-b186-e458ced4fd32,qwen2vl,Germany,rituals,Germany,"The wine bottle is labeled ""Devil's Rock Riesling,"" which is a type of white wine that is commonly produced in Germany.","The word ""Riesling"" is",,D|G,E|H,0,0.0,2
606aeda1-a002-4666-9cc2-c54b4af0a436,qwen2vl,Germany,rituals,Germany,"The Advent wreath, which is a traditional Christian Advent decoration, is commonly associated with Germany.","The Advent calendar in the background, which is also a German tradition, is visible.",,F|F,E|H,0,0.0,2
b44fddf6-9e94-4b2d-92d6-b64b7047f781,qwen2vl,Germany,rituals,Germany,"The church in the image has a design that is reminiscent of traditional German churches, with its white and red color scheme and pointed roof.",The presence of a Christmas tree with decorations is,,C|G,G|H,1,0.3333,2
02bd886c-af46-4b28-a3b3-939f0185db11,qwen2vl,Germany,rituals,China,The fireworks being held by the individuals are similar to those used in Chinese New Year celebrations.,"The attire of the individuals, particularly the white hat, is reminiscent of traditional Chinese clothing.",,F|B,H,0,0.0,2
7e4d2b1e-fa75-443c-92e9-b792125002c6,qwen2vl,Germany,drink,Germany,"The word ""Pfalz"" is mentioned on the label, which is a region in Germany known for its wine production.",The style of the label and the design elements are reminiscent,,G|C,E,0,0.0,2
8c973562-db40-4319-9dd5-51d83c7f910e,qwen2vl,Germany,drink,Turkey,Cinnamon sticks,Star anise,"Mulled wine, which is a traditional Turkish drink",D|D|F,D|H,1,0.3333,3
3f0011f7-0cf3-4ed5-a905-78d71079c3da,qwen2vl,Germany,drink,Canada,"The text ""Vancouver Island Brewery"" suggests a location in Canada.","The name ""Sea Dog"" is a common name in Canada, often associated with the sea and coastal areas.",,G|G,E|H,0,0.0,2
99a8796e-1be0-40dc-9e07-56df08f021e0,qwen2vl,Germany,drink,Germany,"The beer glasses have the word ""Paulaner"" on them, which is a well-known German brewery.",The style of the beer glasses and the bar setup is reminiscent of German,,D|D,D|E|H,1,0.3333,2
098b83b9-da89-40a9-a452-bc72698c3740,qwen2vl,Germany,drink,Germany,"The beer in the glass is from Germany, as indicated by the ""Gefell"" brand.","The woman is wearing a black shirt, which is a common color for German national",,E|F,E|H,1,0.3333,2
ffcd1ddf-ff5a-4f44-90d8-f019b0e5efd1,qwen2vl,Germany,clothing,Germany,"The woman is wearing a traditional German dirndl, which is a dress commonly worn in Germany.","The background features a mountainous landscape, which is reminiscent of the Alps, a mountain",,B|G,D|H,0,0.0,2
